codigo,fuente,Vs_rms,Vs_pico,DC,RMS,PICO,MIN,FR_%,periodos
1110,CH1,10.7423,15.1139,4.4057,7.0550,14.3435,-0.1053,125.0699,5
1120,CH1,10.7703,15.1496,0.0229,0.0366,0.0746,-0.0021,124.3248,5
1210,CH1,10.7413,15.2236,9.0061,9.5799,14.4394,4.2108,36.2631,5
1220,CH1,10.6318,15.1740,0.0693,0.0737,0.1116,0.0321,36.3938,2
1310,CH1,10.5946,15.2472,12.4587,12.5077,14.3624,10.7106,8.8757,2
1320,CH1,10.6037,15.2404,0.0673,0.0678,0.0839,0.0564,11.0694,2
2110,CH1,10.6205,15.0912,8.7772,9.9432,14.3771,0.1451,53.2304,2
2120,CH1,10.6540,15.2595,8.8328,14.6394,29.7216,-0.8828,132.1724,11
2130,CH1,10.6512,15.2732,8.8287,14.6015,29.5284,-0.7956,131.7305,11
2210,CH2,10.6752,15.1281,11.1768,11.3958,14.3195,7.5191,19.8928,5
2230,CH1,10.6697,15.3812,11.3388,15.7572,29.7696,-1.0060,96.4987,11
2310,CH2,10.6617,15.0717,13.2081,13.2190,14.1474,12.3429,4.0760,5
2320,CH1,10.6408,15.4392,13.2360,16.9798,29.4118,-0.9411,80.3555,11
2330,CH1,10.6683,15.5179,13.2898,17.0890,29.7182,-1.1448,80.8372,11
