Time(s),CH1V,CH2V
-4.940000e-02,1.344938e+01,-4.918212e+00
-4.930000e-02,1.346841e+01,-4.758099e+00
-4.920000e-02,1.348010e+01,-4.542980e+00
-4.910000e-02,1.347915e+01,-4.234171e+00
-4.900000e-02,1.346356e+01,-3.819006e+00
-4.890000e-02,1.343468e+01,-3.310967e+00
-4.880000e-02,1.339613e+01,-2.741356e+00
-4.870000e-02,1.335231e+01,-2.147232e+00
-4.860000e-02,1.330717e+01,-1.560617e+00
-4.850000e-02,1.326364e+01,-1.001939e+00
-4.840000e-02,1.322377e+01,-4.783234e-01
-4.830000e-02,1.318911e+01,1.428898e-02
-4.820000e-02,1.316072e+01,4.868663e-01
-4.810000e-02,1.313901e+01,9.526510e-01
-4.800000e-02,1.312327e+01,1.423544e+00
-4.790000e-02,1.311167e+01,1.908115e+00
-4.780000e-02,1.310164e+01,2.411041e+00
-4.770000e-02,1.309055e+01,2.933473e+00
-4.760000e-02,1.307630e+01,3.473856e+00
-4.750000e-02,1.305751e+01,4.028906e+00
-4.740000e-02,1.303331e+01,4.594454e+00
-4.730000e-02,1.300305e+01,5.166028e+00
-4.720000e-02,1.296635e+01,5.739131e+00
-4.710000e-02,1.292349e+01,6.309257e+00
-4.700000e-02,1.287609e+01,6.871647e+00
-4.690000e-02,1.282735e+01,7.420951e+00
-4.680000e-02,1.278164e+01,7.951108e+00
-4.670000e-02,1.274325e+01,8.455627e+00
-4.660000e-02,1.271487e+01,8.928189e+00
-4.650000e-02,1.269643e+01,9.363401e+00
-4.640000e-02,1.268500e+01,9.757679e+00
-4.630000e-02,1.267572e+01,1.011033e+01
-4.620000e-02,1.266350e+01,1.042462e+01
-4.610000e-02,1.264457e+01,1.070834e+01
-4.600000e-02,1.261761e+01,1.097303e+01
-4.590000e-02,1.258388e+01,1.123170e+01
-4.580000e-02,1.254655e+01,1.149560e+01
-4.570000e-02,1.250951e+01,1.177078e+01
-4.560000e-02,1.247614e+01,1.205566e+01
-4.550000e-02,1.244862e+01,1.234051e+01
-4.540000e-02,1.242811e+01,1.260966e+01
-4.530000e-02,1.241560e+01,1.284631e+01
-4.520000e-02,1.241254e+01,1.303834e+01
-4.510000e-02,1.242105e+01,1.318268e+01
-4.500000e-02,1.244344e+01,1.328635e+01
-4.490000e-02,1.248159e+01,1.336355e+01
-4.480000e-02,1.253655e+01,1.343041e+01
-4.470000e-02,1.260846e+01,1.349993e+01
-4.460000e-02,1.269648e+01,1.357901e+01
-4.450000e-02,1.279858e+01,1.366858e+01
-4.440000e-02,1.291114e+01,1.376610e+01
-4.430000e-02,1.302891e+01,1.386869e+01
-4.420000e-02,1.314573e+01,1.397513e+01
-4.410000e-02,1.325602e+01,1.408590e+01
-4.400000e-02,1.335651e+01,1.420145e+01
-4.390000e-02,1.344705e+01,1.432038e+01
-4.380000e-02,1.353019e+01,1.443897e+01
-4.370000e-02,1.360955e+01,1.455258e+01
-4.360000e-02,1.368786e+01,1.465783e+01
-4.350000e-02,1.376546e+01,1.475400e+01
-4.340000e-02,1.383996e+01,1.484207e+01
-4.330000e-02,1.390699e+01,1.492135e+01
-4.320000e-02,1.396164e+01,1.498529e+01
-4.310000e-02,1.399997e+01,1.501870e+01
-4.300000e-02,1.402000e+01,1.499867e+01
-4.290000e-02,1.402193e+01,1.489973e+01
-4.280000e-02,1.400773e+01,1.470193e+01
-4.270000e-02,1.398053e+01,1.439825e+01
-4.260000e-02,1.394403e+01,1.399783e+01
-4.250000e-02,1.390211e+01,1.352316e+01
-4.240000e-02,1.385853e+01,1.300270e+01
-4.230000e-02,1.381656e+01,1.246272e+01
-4.220000e-02,1.377858e+01,1.192173e+01
-4.210000e-02,1.374573e+01,1.138889e+01
-4.200000e-02,1.371776e+01,1.086559e+01
-4.190000e-02,1.369346e+01,1.034846e+01
-4.180000e-02,1.367117e+01,9.832467e+00
-4.170000e-02,1.364945e+01,9.313045e+00
-4.160000e-02,1.362726e+01,8.787330e+00
-4.150000e-02,1.360381e+01,8.254602e+00
-4.140000e-02,1.357833e+01,7.716127e+00
-4.130000e-02,1.355004e+01,7.174383e+00
-4.120000e-02,1.351867e+01,6.631795e+00
-4.110000e-02,1.348481e+01,6.089503e+00
-4.100000e-02,1.345007e+01,5.546790e+00
-4.090000e-02,1.341646e+01,5.001566e+00
-4.080000e-02,1.338548e+01,4.451740e+00
-4.070000e-02,1.335748e+01,3.896708e+00
-4.060000e-02,1.333159e+01,3.338111e+00
-4.050000e-02,1.330636e+01,2.779458e+00
-4.040000e-02,1.328064e+01,2.224949e+00
-4.030000e-02,1.325413e+01,1.678259e+00
-4.020000e-02,1.322731e+01,1.141901e+00
-4.010000e-02,1.320091e+01,6.171425e-01
-4.000000e-02,1.317523e+01,1.041259e-01
-3.990000e-02,1.314986e+01,-3.980971e-01
-3.980000e-02,1.312385e+01,-8.915915e-01
-3.970000e-02,1.309615e+01,-1.379570e+00
-3.960000e-02,1.306610e+01,-1.866417e+00
-3.950000e-02,1.303377e+01,-2.357590e+00
-3.940000e-02,1.300000e+01,-2.859166e+00
-3.930000e-02,1.296623e+01,-3.376858e+00
-3.920000e-02,1.293418e+01,-3.914625e+00
-3.910000e-02,1.290529e+01,-4.473314e+00
-3.900000e-02,1.288009e+01,-5.049844e+00
-3.890000e-02,1.285792e+01,-5.637377e+00
-3.880000e-02,1.283697e+01,-6.226605e+00
-3.870000e-02,1.281494e+01,-6.807758e+00
-3.860000e-02,1.278984e+01,-7.372434e+00
-3.850000e-02,1.276062e+01,-7.914313e+00
-3.840000e-02,1.272733e+01,-8.428596e+00
-3.830000e-02,1.269077e+01,-8.910954e+00
-3.820000e-02,1.265204e+01,-9.357117e+00
-3.810000e-02,1.261229e+01,-9.763581e+00
-3.800000e-02,1.257286e+01,-1.012904e+01
-3.790000e-02,1.253533e+01,-1.045565e+01
-3.780000e-02,1.250153e+01,-1.074942e+01
-3.770000e-02,1.247301e+01,-1.101946e+01
-3.760000e-02,1.245054e+01,-1.127633e+01
-3.750000e-02,1.243372e+01,-1.153004e+01
-3.740000e-02,1.242105e+01,-1.178808e+01
-3.730000e-02,1.241047e+01,-1.205360e+01
-3.720000e-02,1.240021e+01,-1.232442e+01
-3.710000e-02,1.238969e+01,-1.259360e+01
-3.700000e-02,1.238013e+01,-1.285189e+01
-3.690000e-02,1.237467e+01,-1.309130e+01
-3.680000e-02,1.237781e+01,-1.330822e+01
-3.670000e-02,1.239434e+01,-1.350452e+01
-3.660000e-02,1.242827e+01,-1.368621e+01
-3.650000e-02,1.248198e+01,-1.386062e+01
-3.640000e-02,1.255600e+01,-1.403344e+01
-3.630000e-02,1.264921e+01,-1.420689e+01
-3.620000e-02,1.275933e+01,-1.437951e+01
-3.610000e-02,1.288314e+01,-1.454724e+01
-3.600000e-02,1.301649e+01,-1.470492e+01
-3.590000e-02,1.315436e+01,-1.484766e+01
-3.580000e-02,1.329129e+01,-1.497197e+01
-3.570000e-02,1.342220e+01,-1.507659e+01
-3.560000e-02,1.354313e+01,-1.516290e+01
-3.550000e-02,1.365183e+01,-1.523480e+01
-3.540000e-02,1.374770e+01,-1.529783e+01
-3.530000e-02,1.383140e+01,-1.535765e+01
-3.520000e-02,1.390413e+01,-1.541798e+01
-3.510000e-02,1.396689e+01,-1.547847e+01
-3.500000e-02,1.401987e+01,-1.553270e+01
-3.490000e-02,1.406237e+01,-1.556708e+01
-3.480000e-02,1.409308e+01,-1.556132e+01
-3.470000e-02,1.411072e+01,-1.549134e+01
-3.460000e-02,1.411470e+01,-1.533465e+01
-3.450000e-02,1.410545e+01,-1.507703e+01
-3.440000e-02,1.408450e+01,-1.471779e+01
-3.430000e-02,1.405412e+01,-1.427109e+01
-3.420000e-02,1.401683e+01,-1.376206e+01
-3.410000e-02,1.397509e+01,-1.321942e+01
-3.400000e-02,1.393113e+01,-1.266812e+01
-3.390000e-02,1.388697e+01,-1.212473e+01
-3.380000e-02,1.384438e+01,-1.159643e+01
-3.370000e-02,1.380465e+01,-1.108269e+01
-3.360000e-02,1.376841e+01,-1.057825e+01
-3.350000e-02,1.373546e+01,-1.007618e+01
-3.340000e-02,1.370492e+01,-9.570181e+00
-3.330000e-02,1.367541e+01,-9.056058e+00
-3.320000e-02,1.364557e+01,-8.532241e+00
-3.310000e-02,1.361463e+01,-7.999491e+00
-3.300000e-02,1.358277e+01,-7.459811e+00
-3.290000e-02,1.355111e+01,-6.915041e+00
-3.280000e-02,1.352106e+01,-6.365856e+00
-3.270000e-02,1.349348e+01,-5.811717e+00
-3.260000e-02,1.346806e+01,-5.251746e+00
-3.250000e-02,1.344335e+01,-4.686036e+00
-3.240000e-02,1.341753e+01,-4.116610e+00
-3.230000e-02,1.338949e+01,-3.547454e+00
-3.220000e-02,1.335955e+01,-2.983559e+00
-3.210000e-02,1.332933e+01,-2.429549e+00
-3.200000e-02,1.330084e+01,-1.888638e+00
-3.190000e-02,1.327542e+01,-1.362241e+00
-3.180000e-02,1.325299e+01,-8.500770e-01
-3.170000e-02,1.323201e+01,-3.503965e-01
-3.160000e-02,1.321010e+01,1.397883e-01
-3.150000e-02,1.318500e+01,6.244632e-01
-3.140000e-02,1.315549e+01,1.108289e+00
-3.130000e-02,1.312186e+01,1.596144e+00
-3.120000e-02,1.308585e+01,2.092509e+00
-3.110000e-02,1.305000e+01,2.600796e+00
-3.100000e-02,1.301672e+01,3.122857e+00
-3.090000e-02,1.298753e+01,3.658848e+00
-3.080000e-02,1.296264e+01,4.207470e+00
-3.070000e-02,1.294111e+01,4.766428e+00
-3.060000e-02,1.292122e+01,5.332943e+00
-3.050000e-02,1.290108e+01,5.904120e+00
-3.040000e-02,1.287909e+01,6.476940e+00
-3.030000e-02,1.285450e+01,7.047648e+00
-3.020000e-02,1.282751e+01,7.610666e+00
-3.010000e-02,1.279924e+01,8.157695e+00
-3.000000e-02,1.277116e+01,8.677913e+00
-2.990000e-02,1.274444e+01,9.159640e+00
-2.980000e-02,1.271951e+01,9.593075e+00
-2.970000e-02,1.269579e+01,9.973152e+00
-2.960000e-02,1.267201e+01,1.030153e+01
-2.950000e-02,1.264663e+01,1.058698e+01
-2.940000e-02,1.261853e+01,1.084385e+01
-2.930000e-02,1.258735e+01,1.108894e+01
-2.920000e-02,1.255358e+01,1.133754e+01
-2.910000e-02,1.251822e+01,1.159971e+01
-2.900000e-02,1.248246e+01,1.187763e+01
-2.890000e-02,1.244769e+01,1.216474e+01
-2.880000e-02,1.241580e+01,1.244717e+01
-2.870000e-02,1.238963e+01,1.270775e+01
-2.860000e-02,1.237310e+01,1.293148e+01
-2.850000e-02,1.237083e+01,1.311053e+01
-2.840000e-02,1.238723e+01,1.324655e+01
-2.830000e-02,1.242534e+01,1.334944e+01
-2.820000e-02,1.248594e+01,1.343340e+01
-2.810000e-02,1.256701e+01,1.351214e+01
-2.800000e-02,1.266413e+01,1.359527e+01
-2.790000e-02,1.277151e+01,1.368680e+01
-2.780000e-02,1.288335e+01,1.378597e+01
-2.770000e-02,1.299500e+01,1.388929e+01
-2.760000e-02,1.310351e+01,1.399292e+01
-2.750000e-02,1.320765e+01,1.409427e+01
-2.740000e-02,1.330766e+01,1.419241e+01
-2.730000e-02,1.340480e+01,1.428747e+01
-2.720000e-02,1.350058e+01,1.437987e+01
-2.710000e-02,1.359590e+01,1.447027e+01
-2.700000e-02,1.369024e+01,1.456009e+01
-2.690000e-02,1.378132e+01,1.465176e+01
-2.680000e-02,1.386549e+01,1.474777e+01
-2.670000e-02,1.393865e+01,1.484811e+01
-2.660000e-02,1.399721e+01,1.494685e+01
-2.650000e-02,1.403883e+01,1.502930e+01
-2.640000e-02,1.406253e+01,1.507166e+01
-2.630000e-02,1.406857e+01,1.504425e+01
-2.620000e-02,1.405829e+01,1.491861e+01
-2.610000e-02,1.403399e+01,1.467643e+01
-2.600000e-02,1.399898e+01,1.431682e+01
-2.590000e-02,1.395734e+01,1.385815e+01
-2.580000e-02,1.391334e+01,1.333263e+01
-2.570000e-02,1.387061e+01,1.277601e+01
-2.560000e-02,1.383144e+01,1.221730e+01
-2.550000e-02,1.379650e+01,1.167281e+01
-2.540000e-02,1.376518e+01,1.114603e+01
-2.530000e-02,1.373623e+01,1.063167e+01
-2.520000e-02,1.370839e+01,1.012132e+01
-2.510000e-02,1.368081e+01,9.608145e+00
-2.500000e-02,1.365314e+01,9.089064e+00
-2.490000e-02,1.362528e+01,8.564502e+00
-2.480000e-02,1.359717e+01,8.036519e+00
-2.470000e-02,1.356855e+01,7.506753e+00
-2.460000e-02,1.353905e+01,6.975187e+00
-2.450000e-02,1.350842e+01,6.440115e+00
-2.440000e-02,1.347683e+01,5.899050e+00
-2.430000e-02,1.344497e+01,5.350006e+00
-2.420000e-02,1.341379e+01,4.792648e+00
-2.410000e-02,1.338399e+01,4.228908e+00
-2.400000e-02,1.335560e+01,3.662809e+00
-2.390000e-02,1.332793e+01,3.099418e+00
-2.380000e-02,1.330002e+01,2.543423e+00
-2.370000e-02,1.327128e+01,1.998129e+00
-2.360000e-02,1.324191e+01,1.465392e+00
-2.350000e-02,1.321274e+01,9.460960e-01
-2.340000e-02,1.318462e+01,4.403710e-01
-2.330000e-02,1.315761e+01,-5.292753e-02
-2.320000e-02,1.313072e+01,-5.370707e-01
-2.310000e-02,1.310216e+01,-1.017813e+00
-2.300000e-02,1.307021e+01,-1.502685e+00
-2.290000e-02,1.303405e+01,-1.999315e+00
-2.280000e-02,1.299434e+01,-2.513449e+00
-2.270000e-02,1.295302e+01,-3.047476e+00
-2.260000e-02,1.291258e+01,-3.600025e+00
-2.250000e-02,1.287519e+01,-4.166768e+00
-2.240000e-02,1.284200e+01,-4.742024e+00
-2.230000e-02,1.281311e+01,-5.320387e+00
-2.220000e-02,1.278782e+01,-5.897625e+00
-2.210000e-02,1.276520e+01,-6.470492e+00
-2.200000e-02,1.274436e+01,-7.035731e+00
-2.190000e-02,1.272461e+01,-7.588917e+00
-2.180000e-02,1.270546e+01,-8.123802e+00
-2.170000e-02,1.268662e+01,-8.632597e+00
-2.160000e-02,1.266802e+01,-9.107177e+00
-2.150000e-02,1.264986e+01,-9.540797e+00
-2.140000e-02,1.263245e+01,-9.929707e+00
-2.130000e-02,1.261594e+01,-1.027425e+01
-2.120000e-02,1.259991e+01,-1.057915e+01
-2.110000e-02,1.258313e+01,-1.085297e+01
-2.100000e-02,1.256362e+01,-1.110668e+01
-2.090000e-02,1.253927e+01,-1.135187e+01
-2.080000e-02,1.250872e+01,-1.159879e+01
-2.070000e-02,1.247239e+01,-1.185437e+01
-2.060000e-02,1.243311e+01,-1.212057e+01
-2.050000e-02,1.239588e+01,-1.239362e+01
-2.040000e-02,1.236669e+01,-1.266485e+01
-2.030000e-02,1.235074e+01,-1.292332e+01
-2.020000e-02,1.235106e+01,-1.315966e+01
-2.010000e-02,1.236816e+01,-1.336956e+01
-2.000000e-02,1.240104e+01,-1.355538e+01
-1.990000e-02,1.244870e+01,-1.372520e+01
-1.980000e-02,1.251146e+01,-1.388962e+01
-1.970000e-02,1.259102e+01,-1.405767e+01
-1.960000e-02,1.268916e+01,-1.423357e+01
-1.950000e-02,1.280570e+01,-1.441559e+01
-1.940000e-02,1.293682e+01,-1.459719e+01
-1.930000e-02,1.307493e+01,-1.476953e+01
-1.920000e-02,1.321046e+01,-1.492423e+01
-1.910000e-02,1.333497e+01,-1.505534e+01
-1.900000e-02,1.344411e+01,-1.516050e+01
-1.890000e-02,1.353885e+01,-1.524129e+01
-1.880000e-02,1.362449e+01,-1.530286e+01
-1.870000e-02,1.370757e+01,-1.535261e+01
-1.860000e-02,1.379259e+01,-1.539817e+01
-1.850000e-02,1.387964e+01,-1.544473e+01
-1.840000e-02,1.396433e+01,-1.549216e+01
-1.830000e-02,1.403949e+01,-1.553259e+01
-1.820000e-02,1.409786e+01,-1.554947e+01
-1.810000e-02,1.413442e+01,-1.551912e+01
-1.800000e-02,1.414743e+01,-1.541514e+01
-1.790000e-02,1.413846e+01,-1.521529e+01
-1.780000e-02,1.411154e+01,-1.490879e+01
-1.770000e-02,1.407220e+01,-1.450105e+01
-1.760000e-02,1.402657e+01,-1.401346e+01
-1.750000e-02,1.398046e+01,-1.347731e+01
-1.740000e-02,1.393842e+01,-1.292452e+01
-1.730000e-02,1.390309e+01,-1.237941e+01
-1.720000e-02,1.387491e+01,-1.185451e+01
-1.710000e-02,1.385232e+01,-1.135116e+01
-1.700000e-02,1.383233e+01,-1.086316e+01
-1.690000e-02,1.381134e+01,-1.038117e+01
-1.680000e-02,1.378606e+01,-9.896222e+00
-1.670000e-02,1.375450e+01,-9.401484e+00
-1.660000e-02,1.371674e+01,-8.892787e+00
-1.650000e-02,1.367503e+01,-8.368625e+00
-1.640000e-02,1.363320e+01,-7.830014e+00
-1.630000e-02,1.359525e+01,-7.279991e+00
-1.620000e-02,1.356391e+01,-6.722522e+00
-1.610000e-02,1.353946e+01,-6.161078e+00
-1.600000e-02,1.351962e+01,-5.597626e+00
-1.590000e-02,1.350039e+01,-5.032707e+00
-1.580000e-02,1.347767e+01,-4.466590e+00
-1.570000e-02,1.344885e+01,-3.900633e+00
-1.560000e-02,1.341381e+01,-3.337832e+00
-1.550000e-02,1.337465e+01,-2.782154e+00
-1.540000e-02,1.333465e+01,-2.237125e+00
-1.530000e-02,1.329677e+01,-1.704539e+00
-1.520000e-02,1.326267e+01,-1.183954e+00
-1.510000e-02,1.323257e+01,-6.731101e-01
-1.500000e-02,1.320593e+01,-1.689615e-01
-1.490000e-02,1.318218e+01,3.313078e-01
-1.480000e-02,1.316119e+01,8.298071e-01
-1.470000e-02,1.314299e+01,1.328133e+00
-1.460000e-02,1.312718e+01,1.827950e+00
-1.450000e-02,1.311243e+01,2.331560e+00
-1.440000e-02,1.309647e+01,2.842133e+00
-1.430000e-02,1.307666e+01,3.363430e+00
-1.420000e-02,1.305091e+01,3.898890e+00
-1.410000e-02,1.301841e+01,4.450262e+00
-1.400000e-02,1.298002e+01,5.016402e+00
-1.390000e-02,1.293802e+01,5.592983e+00
-1.380000e-02,1.289536e+01,6.173400e+00
-1.370000e-02,1.285474e+01,6.750262e+00
-1.360000e-02,1.281789e+01,7.316434e+00
-1.350000e-02,1.278532e+01,7.865077e+00
-1.340000e-02,1.275650e+01,8.389102e+00
-1.330000e-02,1.273020e+01,8.880897e+00
-1.320000e-02,1.270497e+01,9.332954e+00
-1.310000e-02,1.267949e+01,9.739457e+00
-1.300000e-02,1.265301e+01,1.009836e+01
-1.290000e-02,1.262555e+01,1.041313e+01
-1.280000e-02,1.259777e+01,1.069308e+01
-1.270000e-02,1.257043e+01,1.095189e+01
-1.260000e-02,1.254370e+01,1.120436e+01
-1.250000e-02,1.251680e+01,1.146258e+01
-1.240000e-02,1.248823e+01,1.173239e+01
-1.230000e-02,1.245676e+01,1.201137e+01
-1.220000e-02,1.242274e+01,1.228910e+01
-1.210000e-02,1.238909e+01,1.254999e+01
-1.200000e-02,1.236133e+01,1.277822e+01
-1.190000e-02,1.234645e+01,1.296291e+01
-1.180000e-02,1.235101e+01,1.310184e+01
-1.170000e-02,1.237914e+01,1.320207e+01
-1.160000e-02,1.243155e+01,1.327767e+01
-1.150000e-02,1.250564e+01,1.334538e+01
-1.140000e-02,1.259668e+01,1.342004e+01
-1.130000e-02,1.269934e+01,1.351118e+01
-1.120000e-02,1.280886e+01,1.362155e+01
-1.110000e-02,1.292156e+01,1.374780e+01
-1.100000e-02,1.303487e+01,1.388275e+01
-1.090000e-02,1.314718e+01,1.401806e+01
-1.080000e-02,1.325770e+01,1.414650e+01
-1.070000e-02,1.336616e+01,1.426314e+01
-1.060000e-02,1.347234e+01,1.436580e+01
-1.050000e-02,1.357551e+01,1.445499e+01
-1.040000e-02,1.367419e+01,1.453381e+01
-1.030000e-02,1.376627e+01,1.460738e+01
-1.020000e-02,1.384952e+01,1.468150e+01
-1.010000e-02,1.392202e+01,1.476025e+01
-1.000000e-02,1.398234e+01,1.484284e+01
-9.900000e-03,1.402944e+01,1.492085e+01
-9.800000e-03,1.406239e+01,1.497703e+01
-9.700000e-03,1.408023e+01,1.498672e+01
-9.600000e-03,1.408226e+01,1.492254e+01
-9.500000e-03,1.406876e+01,1.476135e+01
-9.400000e-03,1.404161e+01,1.449129e+01
-9.300000e-03,1.400449e+01,1.411584e+01
-9.200000e-03,1.396215e+01,1.365302e+01
-9.100000e-03,1.391907e+01,1.313010e+01
-9.000000e-03,1.387815e+01,1.257646e+01
-8.900000e-03,1.384009e+01,1.201715e+01
-8.800000e-03,1.380386e+01,1.146901e+01
-8.700000e-03,1.376794e+01,1.093947e+01
-8.600000e-03,1.373144e+01,1.042788e+01
-8.500000e-03,1.369467e+01,9.928202e+00
-8.400000e-03,1.365872e+01,9.432228e+00
-8.300000e-03,1.362472e+01,8.932144e+00
-8.200000e-03,1.359327e+01,8.422188e+00
-8.100000e-03,1.356434e+01,7.899289e+00
-8.000000e-03,1.353762e+01,7.362980e+00
-7.900000e-03,1.351276e+01,6.814914e+00
-7.800000e-03,1.348955e+01,6.258218e+00
-7.700000e-03,1.346772e+01,5.696717e+00
-7.600000e-03,1.344676e+01,5.134138e+00
-7.500000e-03,1.342584e+01,4.573526e+00
-7.400000e-03,1.340388e+01,4.017052e+00
-7.300000e-03,1.337988e+01,3.466003e+00
-7.200000e-03,1.335325e+01,2.920754e+00
-7.100000e-03,1.332405e+01,2.380881e+00
-7.000000e-03,1.329292e+01,1.845777e+00
-6.900000e-03,1.326088e+01,1.315643e+00
-6.800000e-03,1.322901e+01,7.920289e-01
-6.700000e-03,1.319819e+01,2.771969e-01
-6.600000e-03,1.316892e+01,-2.275249e-01
-6.500000e-03,1.314117e+01,-7.233824e-01
-6.400000e-03,1.311431e+01,-1.214819e+00
-6.300000e-03,1.308730e+01,-1.708706e+00
-6.200000e-03,1.305893e+01,-2.212542e+00
-6.100000e-03,1.302817e+01,-2.732404e+00
-6.000000e-03,1.299443e+01,-3.271498e+00
-5.900000e-03,1.295762e+01,-3.829734e+00
-5.800000e-03,1.291822e+01,-4.404076e+00
-5.700000e-03,1.287733e+01,-4.989147e+00
-5.600000e-03,1.283677e+01,-5.577839e+00
-5.500000e-03,1.279892e+01,-6.162115e+00
-5.400000e-03,1.276609e+01,-6.734136e+00
-5.300000e-03,1.273963e+01,-7.287422e+00
-5.200000e-03,1.271920e+01,-7.817418e+00
-5.100000e-03,1.270274e+01,-8.321160e+00
-5.000000e-03,1.268715e+01,-8.796363e+00
-4.900000e-03,1.266957e+01,-9.240701e+00
-4.800000e-03,1.264840e+01,-9.651856e+00
-4.700000e-03,1.262381e+01,-1.002838e+01
-4.600000e-03,1.259740e+01,-1.037091e+01
-4.500000e-03,1.257120e+01,-1.068321e+01
-4.400000e-03,1.254655e+01,-1.097230e+01
-4.300000e-03,1.252358e+01,-1.124739e+01
-4.200000e-03,1.250122e+01,-1.151758e+01
-4.100000e-03,1.247793e+01,-1.178903e+01
-4.000000e-03,1.245261e+01,-1.206284e+01
-3.900000e-03,1.242532e+01,-1.233456e+01
-3.800000e-03,1.239761e+01,-1.259600e+01
-3.700000e-03,1.237252e+01,-1.283869e+01
-3.600000e-03,1.235426e+01,-1.305754e+01
-3.500000e-03,1.234777e+01,-1.325310e+01
-3.400000e-03,1.235803e+01,-1.343138e+01
-3.300000e-03,1.238932e+01,-1.360172e+01
-3.200000e-03,1.244443e+01,-1.377347e+01
-3.100000e-03,1.252395e+01,-1.395290e+01
-3.000000e-03,1.262591e+01,-1.414130e+01
-2.900000e-03,1.274592e+01,-1.433480e+01
-2.800000e-03,1.287792e+01,-1.452593e+01
-2.700000e-03,1.301539e+01,-1.470605e+01
-2.600000e-03,1.315261e+01,-1.486757e+01
-2.500000e-03,1.328549e+01,-1.500539e+01
-2.400000e-03,1.341165e+01,-1.511754e+01
-2.300000e-03,1.352993e+01,-1.520518e+01
-2.200000e-03,1.363966e+01,-1.527229e+01
-2.100000e-03,1.374009e+01,-1.532500e+01
-2.000000e-03,1.383014e+01,-1.537047e+01
-1.900000e-03,1.390871e+01,-1.541507e+01
-1.800000e-03,1.397491e+01,-1.546187e+01
-1.700000e-03,1.402818e+01,-1.550784e+01
-1.600000e-03,1.406809e+01,-1.554161e+01
-1.500000e-03,1.409415e+01,-1.554319e+01
-1.400000e-03,1.410581e+01,-1.548676e+01
-1.300000e-03,1.410286e+01,-1.534676e+01
-1.200000e-03,1.408626e+01,-1.510559e+01
-1.100000e-03,1.405856e+01,-1.475997e+01
-1.000000e-03,1.402391e+01,-1.432309e+01
-9.000000e-04,1.398708e+01,-1.382096e+01
-8.000000e-04,1.395217e+01,-1.328466e+01
-7.000000e-04,1.392138e+01,-1.274174e+01
-6.000000e-04,1.389444e+01,-1.221027e+01
-5.000000e-04,1.386893e+01,-1.169700e+01
-4.000000e-04,1.384124e+01,-1.119932e+01
-3.000000e-04,1.380823e+01,-1.070916e+01
-2.000000e-04,1.376861e+01,-1.021709e+01
-1.000000e-04,1.372378e+01,-9.715376e+00
3.848647e-16,1.367751e+01,-9.199631e+00
1.000000e-04,1.363461e+01,-8.669203e+00
2.000000e-04,1.359912e+01,-8.126740e+00
3.000000e-04,1.357282e+01,-7.577094e+00
4.000000e-04,1.355450e+01,-7.025613e+00
5.000000e-04,1.354034e+01,-6.476027e+00
6.000000e-04,1.352528e+01,-5.928776e+00
7.000000e-04,1.350483e+01,-5.380849e+00
8.000000e-04,1.347662e+01,-4.827639e+00
9.000000e-04,1.344120e+01,-4.265983e+00
1.000000e-03,1.340156e+01,-3.696693e+00
1.100000e-03,1.336181e+01,-3.125078e+00
1.200000e-03,1.332564e+01,-2.559212e+00
1.300000e-03,1.329516e+01,-2.006949e+00
1.400000e-03,1.327050e+01,-1.473245e+00
1.500000e-03,1.325012e+01,-9.589318e-01
1.600000e-03,1.323153e+01,-4.611787e-01
1.700000e-03,1.321209e+01,2.501861e-02
1.800000e-03,1.318982e+01,5.053241e-01
1.900000e-03,1.316386e+01,9.851992e-01
2.000000e-03,1.313456e+01,1.469675e+00
2.100000e-03,1.310314e+01,1.963275e+00
2.200000e-03,1.307122e+01,2.469706e+00
2.300000e-03,1.304028e+01,2.991370e+00
2.400000e-03,1.301135e+01,3.528967e+00
2.500000e-03,1.298483e+01,4.081395e+00
2.600000e-03,1.296056e+01,4.645990e+00
2.700000e-03,1.293802e+01,5.219059e+00
2.800000e-03,1.291649e+01,5.796544e+00
2.900000e-03,1.289518e+01,6.374424e+00
3.000000e-03,1.287324e+01,6.948423e+00
3.100000e-03,1.284989e+01,7.513035e+00
3.200000e-03,1.282453e+01,8.060578e+00
3.300000e-03,1.279691e+01,8.581241e+00
3.400000e-03,1.276724e+01,9.064558e+00
3.500000e-03,1.273616e+01,9.501879e+00
3.600000e-03,1.270474e+01,9.888801e+00
3.700000e-03,1.267428e+01,1.022662e+01
3.800000e-03,1.264606e+01,1.052233e+01
3.900000e-03,1.262095e+01,1.078727e+01
4.000000e-03,1.259887e+01,1.103495e+01
4.100000e-03,1.257861e+01,1.127868e+01
4.200000e-03,1.255805e+01,1.152905e+01
4.300000e-03,1.253486e+01,1.179164e+01
4.400000e-03,1.250743e+01,1.206490e+01
4.500000e-03,1.247568e+01,1.233957e+01
4.600000e-03,1.244156e+01,1.260050e+01
4.700000e-03,1.240928e+01,1.283120e+01
4.800000e-03,1.238497e+01,1.301948e+01
4.900000e-03,1.237584e+01,1.316177e+01
5.000000e-03,1.238884e+01,1.326440e+01
5.100000e-03,1.242907e+01,1.334143e+01
5.200000e-03,1.249841e+01,1.341002e+01
5.300000e-03,1.259483e+01,1.348530e+01
5.400000e-03,1.271249e+01,1.357654e+01
5.500000e-03,1.284274e+01,1.368571e+01
5.600000e-03,1.297588e+01,1.380860e+01
5.700000e-03,1.310330e+01,1.393766e+01
5.800000e-03,1.321929e+01,1.406507e+01
5.900000e-03,1.332198e+01,1.418514e+01
6.000000e-03,1.341308e+01,1.429513e+01
6.100000e-03,1.349650e+01,1.439500e+01
6.200000e-03,1.357646e+01,1.448661e+01
6.300000e-03,1.365583e+01,1.457292e+01
6.400000e-03,1.373512e+01,1.465755e+01
6.500000e-03,1.381241e+01,1.474378e+01
6.600000e-03,1.388399e+01,1.483266e+01
6.700000e-03,1.394549e+01,1.492014e+01
6.800000e-03,1.399320e+01,1.499438e+01
6.900000e-03,1.402509e+01,1.503478e+01
7.000000e-03,1.404122e+01,1.501430e+01
7.100000e-03,1.404341e+01,1.490538e+01
7.200000e-03,1.403431e+01,1.468807e+01
7.300000e-03,1.401646e+01,1.435744e+01
7.400000e-03,1.399164e+01,1.392658e+01
7.500000e-03,1.396079e+01,1.342337e+01
7.600000e-03,1.392446e+01,1.288199e+01
7.700000e-03,1.388342e+01,1.233304e+01
7.800000e-03,1.383921e+01,1.179621e+01
7.900000e-03,1.379415e+01,1.127799e+01
8.000000e-03,1.375092e+01,1.077415e+01
8.100000e-03,1.371162e+01,1.027505e+01
8.200000e-03,1.367707e+01,9.771186e+00
8.300000e-03,1.364662e+01,9.256688e+00
8.400000e-03,1.361876e+01,8.730252e+00
8.500000e-03,1.359199e+01,8.194080e+00
8.600000e-03,1.356553e+01,7.651970e+00
8.700000e-03,1.353958e+01,7.107513e+00
8.800000e-03,1.351492e+01,6.562878e+00
8.900000e-03,1.349244e+01,6.018340e+00
9.000000e-03,1.347242e+01,5.472576e+00
9.100000e-03,1.345425e+01,4.923661e+00
9.200000e-03,1.343635e+01,4.370467e+00
9.300000e-03,1.341661e+01,3.813792e+00
9.400000e-03,1.339304e+01,3.256546e+00
9.500000e-03,1.336444e+01,2.702878e+00
9.600000e-03,1.333071e+01,2.156854e+00
9.700000e-03,1.329279e+01,1.621399e+00
9.800000e-03,1.325225e+01,1.097833e+00
9.900000e-03,1.321078e+01,5.858281e-01
1.000000e-02,1.316979e+01,8.345827e-02
1.010000e-02,1.313024e+01,-4.127003e-01
1.020000e-02,1.309264e+01,-9.073042e-01
1.030000e-02,1.305716e+01,-1.405670e+00
1.040000e-02,1.302371e+01,-1.912918e+00
1.050000e-02,1.299209e+01,-2.433000e+00
1.060000e-02,1.296218e+01,-2.967864e+00
1.070000e-02,1.293405e+01,-3.517034e+00
1.080000e-02,1.290801e+01,-4.077780e+00
1.090000e-02,1.288445e+01,-4.645885e+00
1.100000e-02,1.286345e+01,-5.216698e+00
1.110000e-02,1.284445e+01,-5.785998e+00
1.120000e-02,1.282601e+01,-6.350305e+00
1.130000e-02,1.280600e+01,-6.906696e+00
1.140000e-02,1.278210e+01,-7.452312e+00
1.150000e-02,1.275258e+01,-7.983741e+00
1.160000e-02,1.271706e+01,-8.496384e+00
1.170000e-02,1.267686e+01,-8.984188e+00
1.180000e-02,1.263472e+01,-9.440140e+00
1.190000e-02,1.259397e+01,-9.857671e+00
1.200000e-02,1.255754e+01,-1.023254e+01
1.210000e-02,1.252715e+01,-1.056443e+01
1.220000e-02,1.250295e+01,-1.085768e+01
1.230000e-02,1.248358e+01,-1.112077e+01
1.240000e-02,1.246669e+01,-1.136477e+01
1.250000e-02,1.244973e+01,-1.160118e+01
1.260000e-02,1.243100e+01,-1.183938e+01
1.270000e-02,1.241030e+01,-1.208440e+01
1.280000e-02,1.238919e+01,-1.233573e+01
1.290000e-02,1.237064e+01,-1.258768e+01
1.300000e-02,1.235841e+01,-1.283165e+01
1.310000e-02,1.235634e+01,-1.305968e+01
1.320000e-02,1.236770e+01,-1.326772e+01
1.330000e-02,1.239479e+01,-1.345729e+01
1.340000e-02,1.243884e+01,-1.363473e+01
1.350000e-02,1.250012e+01,-1.380865e+01
1.360000e-02,1.257809e+01,-1.398659e+01
1.370000e-02,1.267153e+01,-1.417230e+01
1.380000e-02,1.277840e+01,-1.436432e+01
1.390000e-02,1.289565e+01,-1.455653e+01
1.400000e-02,1.301948e+01,-1.473997e+01
1.410000e-02,1.314580e+01,-1.490562e+01
1.420000e-02,1.327082e+01,-1.504689e+01
1.430000e-02,1.339147e+01,-1.516100e+01
1.440000e-02,1.350551e+01,-1.524920e+01
1.450000e-02,1.361145e+01,-1.531598e+01
1.460000e-02,1.370835e+01,-1.536803e+01
1.470000e-02,1.379567e+01,-1.541285e+01
1.480000e-02,1.387304e+01,-1.545674e+01
1.490000e-02,1.394008e+01,-1.550193e+01
1.500000e-02,1.399623e+01,-1.554355e+01
1.510000e-02,1.404065e+01,-1.556767e+01
1.520000e-02,1.407229e+01,-1.555194e+01
1.530000e-02,1.409025e+01,-1.546986e+01
1.540000e-02,1.409440e+01,-1.529789e+01
1.550000e-02,1.408588e+01,-1.502327e+01
1.560000e-02,1.406732e+01,-1.464918e+01
1.570000e-02,1.404240e+01,-1.419430e+01
1.580000e-02,1.401497e+01,-1.368669e+01
1.590000e-02,1.398794e+01,-1.315495e+01
1.600000e-02,1.396259e+01,-1.262072e+01
1.610000e-02,1.393854e+01,-1.209525e+01
1.620000e-02,1.391426e+01,-1.158028e+01
1.630000e-02,1.388795e+01,-1.107152e+01
1.640000e-02,1.385817e+01,-1.056273e+01
1.650000e-02,1.382426e+01,-1.004873e+01
1.660000e-02,1.378627e+01,-9.526667e+00
1.670000e-02,1.374488e+01,-8.996081e+00
1.680000e-02,1.370119e+01,-8.458334e+00
1.690000e-02,1.365648e+01,-7.915902e+00
1.700000e-02,1.361206e+01,-7.371425e+00
1.710000e-02,1.356912e+01,-6.826642e+00
1.720000e-02,1.352870e+01,-6.281647e+00
1.730000e-02,1.349176e+01,-5.734888e+00
1.740000e-02,1.345919e+01,-5.183997e+00
1.750000e-02,1.343175e+01,-4.627105e+00
1.760000e-02,1.340985e+01,-4.064060e+00
1.770000e-02,1.339321e+01,-3.497012e+00
1.780000e-02,1.338051e+01,-2.930121e+00
1.790000e-02,1.336929e+01,-2.368644e+00
1.800000e-02,1.335631e+01,-1.817797e+00
1.810000e-02,1.333845e+01,-1.281702e+00
1.820000e-02,1.331380e+01,-7.625114e-01
1.830000e-02,1.328229e+01,-2.597708e-01
1.840000e-02,1.324559e+01,2.298469e-01
1.850000e-02,1.320617e+01,7.122874e-01
1.860000e-02,1.316611e+01,1.195246e+00
1.870000e-02,1.312634e+01,1.686693e+00
1.880000e-02,1.308674e+01,2.193069e+00
1.890000e-02,1.304712e+01,2.717771e+00
1.900000e-02,1.300821e+01,3.260567e+00
1.910000e-02,1.297206e+01,3.818183e+00
1.920000e-02,1.294139e+01,4.385641e+00
1.930000e-02,1.291814e+01,4.957586e+00
1.940000e-02,1.290216e+01,5.529029e+00
1.950000e-02,1.289069e+01,6.095428e+00
1.960000e-02,1.287904e+01,6.652521e+00
1.970000e-02,1.286217e+01,7.196169e+00
1.980000e-02,1.283651e+01,7.722221e+00
1.990000e-02,1.280128e+01,8.226337e+00
2.000000e-02,1.275874e+01,8.703914e+00
2.010000e-02,1.271338e+01,9.150350e+00
2.020000e-02,1.267018e+01,9.561811e+00
2.030000e-02,1.263289e+01,9.936398e+00
2.040000e-02,1.260290e+01,1.027531e+01
2.050000e-02,1.257921e+01,1.058346e+01
2.060000e-02,1.255935e+01,1.086914e+01
2.070000e-02,1.254073e+01,1.114267e+01
2.080000e-02,1.252162e+01,1.141407e+01
2.090000e-02,1.250154e+01,1.169015e+01
2.100000e-02,1.248093e+01,1.197195e+01
2.110000e-02,1.246075e+01,1.225357e+01
2.120000e-02,1.244216e+01,1.252342e+01
2.130000e-02,1.242663e+01,1.276775e+01
2.140000e-02,1.241614e+01,1.297527e+01
2.150000e-02,1.241335e+01,1.314097e+01
2.160000e-02,1.242153e+01,1.326762e+01
2.170000e-02,1.244413e+01,1.336467e+01
2.180000e-02,1.248413e+01,1.344514e+01
2.190000e-02,1.254337e+01,1.352186e+01
2.200000e-02,1.262199e+01,1.360429e+01
2.210000e-02,1.271836e+01,1.369702e+01
2.220000e-02,1.282916e+01,1.380006e+01
2.230000e-02,1.294973e+01,1.391056e+01
2.240000e-02,1.307469e+01,1.402473e+01
2.250000e-02,1.319874e+01,1.413913e+01
2.260000e-02,1.331767e+01,1.425098e+01
2.270000e-02,1.342906e+01,1.435790e+01
2.280000e-02,1.353229e+01,1.445783e+01
2.290000e-02,1.362789e+01,1.454952e+01
2.300000e-02,1.371659e+01,1.463318e+01
2.310000e-02,1.379859e+01,1.471073e+01
2.320000e-02,1.387333e+01,1.478494e+01
2.330000e-02,1.393961e+01,1.485719e+01
2.340000e-02,1.399577e+01,1.492444e+01
2.350000e-02,1.403985e+01,1.497630e+01
2.360000e-02,1.406976e+01,1.499393e+01
2.370000e-02,1.408358e+01,1.495202e+01
2.380000e-02,1.408005e+01,1.482433e+01
2.390000e-02,1.405910e+01,1.459154e+01
2.400000e-02,1.402242e+01,1.424845e+01
2.410000e-02,1.397361e+01,1.380689e+01
2.420000e-02,1.391784e+01,1.329281e+01
2.430000e-02,1.386110e+01,1.273841e+01
2.440000e-02,1.380915e+01,1.217319e+01
2.450000e-02,1.376642e+01,1.161751e+01
2.460000e-02,1.373508e+01,1.108037e+01
2.470000e-02,1.371452e+01,1.056098e+01
2.480000e-02,1.370150e+01,1.005262e+01
2.490000e-02,1.369106e+01,9.546753e+00
2.500000e-02,1.367792e+01,9.036062e+00
2.510000e-02,1.365801e+01,8.516038e+00
2.520000e-02,1.362959e+01,7.985233e+00
2.530000e-02,1.359349e+01,7.444726e+00
2.540000e-02,1.355260e+01,6.897073e+00
2.550000e-02,1.351075e+01,6.344990e+00
2.560000e-02,1.347148e+01,5.790225e+00
2.570000e-02,1.343705e+01,5.233244e+00
2.580000e-02,1.340788e+01,4.673989e+00
2.590000e-02,1.338262e+01,4.113209e+00
2.600000e-02,1.335879e+01,3.553378e+00
2.610000e-02,1.333373e+01,2.998420e+00
2.620000e-02,1.330547e+01,2.452383e+00
2.630000e-02,1.327321e+01,1.917919e+00
2.640000e-02,1.323738e+01,1.395528e+00
2.650000e-02,1.319933e+01,8.838298e-01
2.660000e-02,1.316086e+01,3.803884e-01
2.670000e-02,1.312361e+01,-1.176179e-01
2.680000e-02,1.308865e+01,-6.132267e-01
2.690000e-02,1.305625e+01,-1.109862e+00
2.700000e-02,1.302597e+01,-1.611435e+00
2.710000e-02,1.299694e+01,-2.122067e+00
2.720000e-02,1.296819e+01,-2.645386e+00
2.730000e-02,1.293902e+01,-3.183604e+00
2.740000e-02,1.290925e+01,-3.736724e+00
2.750000e-02,1.287930e+01,-4.302185e+00
2.760000e-02,1.285005e+01,-4.875187e+00
2.770000e-02,1.282263e+01,-5.449699e+00
2.780000e-02,1.279807e+01,-6.019822e+00
2.790000e-02,1.277694e+01,-6.580947e+00
2.800000e-02,1.275897e+01,-7.130165e+00
2.810000e-02,1.274292e+01,-7.665728e+00
2.820000e-02,1.272684e+01,-8.185749e+00
2.830000e-02,1.270866e+01,-8.686877e+00
2.840000e-02,1.268702e+01,-9.163707e+00
2.850000e-02,1.266164e+01,-9.609343e+00
2.860000e-02,1.263330e+01,-1.001690e+01
2.870000e-02,1.260329e+01,-1.038149e+01
2.880000e-02,1.257270e+01,-1.070213e+01
2.890000e-02,1.254192e+01,-1.098306e+01
2.900000e-02,1.251073e+01,-1.123382e+01
2.910000e-02,1.247874e+01,-1.146784e+01
2.920000e-02,1.244613e+01,-1.169928e+01
2.930000e-02,1.241409e+01,-1.193918e+01
2.940000e-02,1.238488e+01,-1.219217e+01
2.950000e-02,1.236141e+01,-1.245519e+01
2.960000e-02,1.234658e+01,-1.271912e+01
2.970000e-02,1.234293e+01,-1.297244e+01
2.980000e-02,1.235233e+01,-1.320556e+01
2.990000e-02,1.237599e+01,-1.341399e+01
3.000000e-02,1.241449e+01,-1.359916e+01
3.010000e-02,1.246797e+01,-1.376725e+01
3.020000e-02,1.253624e+01,-1.392651e+01
3.030000e-02,1.261878e+01,-1.408457e+01
3.040000e-02,1.271459e+01,-1.424641e+01
3.050000e-02,1.282198e+01,-1.441353e+01
3.060000e-02,1.293853e+01,-1.458402e+01
3.070000e-02,1.306136e+01,-1.475326e+01
3.080000e-02,1.318764e+01,-1.491496e+01
3.090000e-02,1.331503e+01,-1.506233e+01
3.100000e-02,1.344170e+01,-1.518956e+01
3.110000e-02,1.356597e+01,-1.529311e+01
3.120000e-02,1.368564e+01,-1.537281e+01
3.130000e-02,1.379753e+01,-1.543211e+01
3.140000e-02,1.389760e+01,-1.547698e+01
3.150000e-02,1.398179e+01,-1.551354e+01
3.160000e-02,1.404714e+01,-1.554455e+01
3.170000e-02,1.409261e+01,-1.556599e+01
3.180000e-02,1.411921e+01,-1.556507e+01
3.190000e-02,1.412950e+01,-1.552092e+01
3.200000e-02,1.412674e+01,-1.540868e+01
3.210000e-02,1.411417e+01,-1.520623e+01
3.220000e-02,1.409450e+01,-1.490168e+01
3.230000e-02,1.406967e+01,-1.449850e+01
3.240000e-02,1.404077e+01,-1.401573e+01
3.250000e-02,1.400824e+01,-1.348260e+01
3.260000e-02,1.397213e+01,-1.292983e+01
3.270000e-02,1.393268e+01,-1.238135e+01
3.280000e-02,1.389077e+01,-1.184963e+01
3.290000e-02,1.384827e+01,-1.133547e+01
3.300000e-02,1.380791e+01,-1.083163e+01
3.310000e-02,1.377262e+01,-1.032819e+01
3.320000e-02,1.374450e+01,-9.817219e+00
3.330000e-02,1.372372e+01,-9.295163e+00
3.340000e-02,1.370795e+01,-8.762792e+00
3.350000e-02,1.369266e+01,-8.223565e+00
3.360000e-02,1.367232e+01,-7.681646e+00
3.370000e-02,1.364223e+01,-7.140258e+00
3.380000e-02,1.360033e+01,-6.600498e+00
3.390000e-02,1.354824e+01,-6.060766e+00
3.400000e-02,1.349094e+01,-5.517133e+00
3.410000e-02,1.343524e+01,-4.964929e+00
3.420000e-02,1.338766e+01,-4.401131e+00
3.430000e-02,1.335251e+01,-3.826442e+00
3.440000e-02,1.333083e+01,-3.245935e+00
3.450000e-02,1.332051e+01,-2.667900e+00
3.460000e-02,1.331728e+01,-2.101502e+00
3.470000e-02,1.331607e+01,-1.554244e+00
3.480000e-02,1.331229e+01,-1.030073e+00
3.490000e-02,1.330266e+01,-5.285366e-01
3.500000e-02,1.328567e+01,-4.509284e-02
3.510000e-02,1.326173e+01,4.276775e-01
3.520000e-02,1.323280e+01,8.984021e-01
3.530000e-02,1.320177e+01,1.375261e+00
3.540000e-02,1.317136e+01,1.864634e+00
3.550000e-02,1.314322e+01,2.370264e+00
3.560000e-02,1.311742e+01,2.893090e+00
3.570000e-02,1.309257e+01,3.431730e+00
3.580000e-02,1.306655e+01,3.983321e+00
3.590000e-02,1.303724e+01,4.544357e+00
3.600000e-02,1.300324e+01,5.111268e+00
3.610000e-02,1.296430e+01,5.680613e+00
3.620000e-02,1.292142e+01,6.248859e+00
3.630000e-02,1.287670e+01,6.811894e+00
3.640000e-02,1.283279e+01,7.364488e+00
3.650000e-02,1.279222e+01,7.899960e+00
3.660000e-02,1.275663e+01,8.410330e+00
3.670000e-02,1.272625e+01,8.887248e+00
3.680000e-02,1.269980e+01,9.323737e+00
3.690000e-02,1.267501e+01,9.716302e+00
3.700000e-02,1.264943e+01,1.006646e+01
3.710000e-02,1.262133e+01,1.038087e+01
3.720000e-02,1.259018e+01,1.066978e+01
3.730000e-02,1.255659e+01,1.094470e+01
3.740000e-02,1.252182e+01,1.121592e+01
3.750000e-02,1.248718e+01,1.149071e+01
3.760000e-02,1.245384e+01,1.177187e+01
3.770000e-02,1.242295e+01,1.205660e+01
3.780000e-02,1.239598e+01,1.233635e+01
3.790000e-02,1.237499e+01,1.259833e+01
3.800000e-02,1.236249e+01,1.282899e+01
3.810000e-02,1.236112e+01,1.301838e+01
3.820000e-02,1.237333e+01,1.316357e+01
3.830000e-02,1.240105e+01,1.326970e+01
3.840000e-02,1.244558e+01,1.334835e+01
3.850000e-02,1.250731e+01,1.341404e+01
3.860000e-02,1.258555e+01,1.348032e+01
3.870000e-02,1.267832e+01,1.355693e+01
3.880000e-02,1.278245e+01,1.364843e+01
3.890000e-02,1.289393e+01,1.375457e+01
3.900000e-02,1.300850e+01,1.387157e+01
3.910000e-02,1.312248e+01,1.399392e+01
3.920000e-02,1.323359e+01,1.411590e+01
3.930000e-02,1.334146e+01,1.423257e+01
3.940000e-02,1.344718e+01,1.434033e+01
3.950000e-02,1.355214e+01,1.443747e+01
3.960000e-02,1.365643e+01,1.452463e+01
3.970000e-02,1.375783e+01,1.460489e+01
3.980000e-02,1.385173e+01,1.468276e+01
3.990000e-02,1.393221e+01,1.476176e+01
4.000000e-02,1.399379e+01,1.484091e+01
4.010000e-02,1.403320e+01,1.491132e+01
4.020000e-02,1.405046e+01,1.495474e+01
4.030000e-02,1.404892e+01,1.494550e+01
4.040000e-02,1.403422e+01,1.485631e+01
4.050000e-02,1.401261e+01,1.466626e+01
4.060000e-02,1.398899e+01,1.436804e+01
4.070000e-02,1.396567e+01,1.397080e+01
4.080000e-02,1.394206e+01,1.349739e+01
4.090000e-02,1.391554e+01,1.297722e+01
4.100000e-02,1.388314e+01,1.243831e+01
4.110000e-02,1.384328e+01,1.190148e+01
4.120000e-02,1.379686e+01,1.137805e+01
4.130000e-02,1.374728e+01,1.087036e+01
4.140000e-02,1.369928e+01,1.037403e+01
4.150000e-02,1.365725e+01,9.880903e+00
4.160000e-02,1.362357e+01,9.381955e+00
4.170000e-02,1.359786e+01,8.870001e+00
4.180000e-02,1.357734e+01,8.341704e+00
4.190000e-02,1.355821e+01,7.798402e+00
4.200000e-02,1.353729e+01,7.245234e+00
4.210000e-02,1.351319e+01,6.688752e+00
4.220000e-02,1.348651e+01,6.134022e+00
4.230000e-02,1.345903e+01,5.582617e+00
4.240000e-02,1.343254e+01,5.032508e+00
4.250000e-02,1.340792e+01,4.479817e+00
4.260000e-02,1.338488e+01,3.921448e+00
4.270000e-02,1.336239e+01,3.357134e+00
4.280000e-02,1.333927e+01,2.789949e+00
4.290000e-02,1.331470e+01,2.225363e+00
4.300000e-02,1.328822e+01,1.669675e+00
4.310000e-02,1.325958e+01,1.128595e+00
4.320000e-02,1.322854e+01,6.060873e-01
4.330000e-02,1.319497e+01,1.033411e-01
4.340000e-02,1.315915e+01,-3.820182e-01
4.350000e-02,1.312196e+01,-8.560494e-01
4.360000e-02,1.308488e+01,-1.327651e+00
4.370000e-02,1.304962e+01,-1.806898e+00
4.380000e-02,1.301770e+01,-2.302942e+00
4.390000e-02,1.299003e+01,-2.821890e+00
4.400000e-02,1.296678e+01,-3.365147e+00
4.410000e-02,1.294731e+01,-3.928902e+00
4.420000e-02,1.293035e+01,-4.505164e+00
4.430000e-02,1.291433e+01,-5.084069e+00
4.440000e-02,1.289758e+01,-5.656620e+00
4.450000e-02,1.287850e+01,-6.216836e+00
4.460000e-02,1.285565e+01,-6.762506e+00
4.470000e-02,1.282789e+01,-7.294157e+00
4.480000e-02,1.279476e+01,-7.812628e+00
4.490000e-02,1.275683e+01,-8.316498e+00
4.500000e-02,1.271595e+01,-8.800876e+00
4.510000e-02,1.267491e+01,-9.258287e+00
4.520000e-02,1.263667e+01,-9.681100e+00
4.530000e-02,1.260335e+01,-1.006424e+01
4.540000e-02,1.257547e+01,-1.040711e+01
4.550000e-02,1.255192e+01,-1.071418e+01
4.560000e-02,1.253054e+01,-1.099430e+01
4.570000e-02,1.250902e+01,-1.125885e+01
4.580000e-02,1.248566e+01,-1.151900e+01
4.590000e-02,1.245969e+01,-1.178258e+01
4.600000e-02,1.243124e+01,-1.205175e+01
4.610000e-02,1.240125e+01,-1.232234e+01
4.620000e-02,1.237150e+01,-1.258554e+01
4.630000e-02,1.234485e+01,-1.283158e+01
4.640000e-02,1.232552e+01,-1.305378e+01
4.650000e-02,1.231894e+01,-1.325146e+01
4.660000e-02,1.233114e+01,-1.343023e+01
4.670000e-02,1.236747e+01,-1.359974e+01
4.680000e-02,1.243123e+01,-1.376991e+01
4.690000e-02,1.252249e+01,-1.394721e+01
4.700000e-02,1.263766e+01,-1.413255e+01
4.710000e-02,1.277005e+01,-1.432154e+01
4.720000e-02,1.291115e+01,-1.450670e+01
4.730000e-02,1.305239e+01,-1.468020e+01
4.740000e-02,1.318678e+01,-1.483608e+01
4.750000e-02,1.331008e+01,-1.497117e+01
4.760000e-02,1.342106e+01,-1.508502e+01
4.770000e-02,1.352109e+01,-1.517923e+01
4.780000e-02,1.361292e+01,-1.525678e+01
4.790000e-02,1.369927e+01,-1.532163e+01
4.800000e-02,1.378163e+01,-1.537832e+01
4.810000e-02,1.385974e+01,-1.543102e+01
4.820000e-02,1.393177e+01,-1.548170e+01
4.830000e-02,1.399491e+01,-1.552732e+01
4.840000e-02,1.404611e+01,-1.555736e+01
4.850000e-02,1.408275e+01,-1.555312e+01
4.860000e-02,1.410325e+01,-1.549013e+01
4.870000e-02,1.410754e+01,-1.534377e+01
4.880000e-02,1.409715e+01,-1.509674e+01
4.890000e-02,1.407506e+01,-1.474541e+01
4.900000e-02,1.404494e+01,-1.430195e+01
4.910000e-02,1.401037e+01,-1.379098e+01
4.920000e-02,1.397411e+01,-1.324233e+01
4.930000e-02,1.393770e+01,-1.268347e+01
4.940000e-02,1.390155e+01,-1.213461e+01
4.950000e-02,1.386534e+01,-1.160728e+01
4.960000e-02,1.382856e+01,-1.110492e+01
4.970000e-02,1.379109e+01,-1.062391e+01
4.980000e-02,1.375354e+01,-1.015413e+01
4.990000e-02,1.371720e+01,-9.679338e+00
5.000000e-02,1.368391e+01,-9.178645e+00
5.010000e-02,1.365559e+01,-8.630306e+00
5.020000e-02,1.363377e+01,-8.017800e+00
5.030000e-02,1.361896e+01,-7.336697e+00
5.040000e-02,1.361028e+01,-6.599183e+00
5.050000e-02,1.360539e+01,-5.832973e+00
